{
  "A": {
    "A-n80-k10.vrp": 1766.4999433704209,
    "A-n61-k9.vrp": 1039.0784353929384,
    "A-n63-k9.vrp": 1622.14461148721,
    "A-n55-k9.vrp": 1074.463639999849,
    "A-n33-k5.vrp": 662.7628798187154,
    "A-n33-k6.vrp": 742.8301047873312,
    "A-n37-k5.vrp": 672.593526946931,
    "A-n37-k6.vrp": 952.2175276972251,
    "A-n46-k7.vrp": 918.4613727926911,
    "A-n54-k7.vrp": 1171.7843372117761,
    "A-n44-k6.vrp": 939.3346964376049,
    "A-n39-k6.vrp": 833.2046053523986,
    "A-n48-k7.vrp": 1074.3378246899174,
    "A-n39-k5.vrp": 828.9891154240543,
    "A-n69-k9.vrp": 1165.9945611875812,
    "A-n65-k9.vrp": 1181.6874487974433,
    "A-n60-k9.vrp": 1355.7992481899191,
    "A-n63-k10.vrp": 1313.7294196277292,
    "A-n53-k7.vrp": 1013.3082739074639,
    "A-n62-k8.vrp": 1294.2821609711054,
    "A-n32-k5.vrp": 787.8082774366645,
    "A-n36-k5.vrp": 802.1318035237852,
    "A-n64-k9.vrp": 1400.8320811963113,
    "A-n38-k5.vrp": 734.1846511333274,
    "A-n34-k5.vrp": 781.30348269955,
    "A-n45-k7.vrp": 1147.2209835160397,
    "A-n45-k6.vrp": 944.8763669421221
  },
  "B": {
    "B-n34-k5.vrp": 791.2402758558225,
    "B-n45-k5.vrp": 755.4335679475656,
    "B-n64-k9.vrp": 869.3156645744783,
    "B-n68-k9.vrp": 1278.2107324742135,
    "B-n38-k6.vrp": 809.4524895723681,
    "B-n45-k6.vrp": 680.4379297045856,
    "B-n57-k7.vrp": 1160.9858825762406,
    "B-n67-k10.vrp": 1039.3588576261573,
    "B-n66-k9.vrp": 1325.3550132372088,
    "B-n50-k8.vrp": 1322.5618541413926,
    "B-n51-k7.vrp": 1035.7099814133155,
    "B-n43-k6.vrp": 747.5357650288681,
    "B-n41-k6.vrp": 834.9577391350781,
    "B-n44-k7.vrp": 915.8400817074582,
    "B-n56-k7.vrp": 712.9160674221106,
    "B-n35-k5.vrp": 956.2940989882601,
    "B-n78-k10.vrp": 1229.2734318106839,
    "B-n39-k5.vrp": 553.2673599367334,
    "B-n50-k7.vrp": 744.7824415526959,
    "B-n52-k7.vrp": 750.0765897402908,
    "B-n63-k10.vrp": 1501.2706799308946,
    "B-n57-k9.vrp": 1603.6305752535982,
    "B-n31-k5.vrp": 676.7582609500149
  },
  "E": {
    "E-n22-k4.vrp": 375.2797871480124,
    "E-n51-k5.vrp": 524.9442369496242,
    "E-n30-k3.vrp": 538.9580599403185,
    "E-n101-k14.vrp": 1082.6501622071194,
    "E-n76-k8.vrp": 740.6554097159445,
    "E-n31-k7.vrp": 1815.0,
    "E-n76-k7.vrp": 687.602769815431,
    "E-n101-k8.vrp": 826.9079628529654,
    "E-n23-k3.vrp": 568.562501070522,
    "E-n33-k4.vrp": 838.7210087828686,
    "E-n13-k4.vrp": 368.0,
    "E-n76-k14.vrp": 1026.7063423619143,
    "E-n76-k10.vrp": 837.355614878604
  },
  "F": {
    "F-n135-k7.vrp": 1170.6531100619732,
    "F-n72-k4.vrp": 248.80879753790444,
    "F-n45-k4.vrp": 724.569157037272
  },
  "M": {
    "M-n151-k12.vrp": 1030.7562527704383,
    "M-n200-k16.vrp": 1294.6662430341776,
    "M-n200-k17.vrp": 1294.8940205956044,
    "M-n121-k7.vrp": 1045.1604912053035,
    "M-n101-k10.vrp": 819.8108473050879
  },
  "P": {
    "P-n16-k8.vrp": 451.94709212981866,
    "P-n60-k15.vrp": 971.5816606327171,
    "P-n22-k8.vrp": 601.4237061659817,
    "P-n70-k10.vrp": 830.0199899119718,
    "P-n60-k10.vrp": 748.9404104021119,
    "P-n101-k4.vrp": 692.2768742727134,
    "P-n76-k5.vrp": 635.0352401512421,
    "P-n40-k5.vrp": 461.7261717631887,
    "P-n76-k4.vrp": 598.2184952221477,
    "P-n55-k15.vrp": 991.4834084933397,
    "P-n21-k2.vrp": 212.7115397029039,
    "P-n50-k7.vrp": 559.8625135512015,
    "P-n55-k10.vrp": 697.8097119224454,
    "P-n19-k2.vrp": 212.6569041858923,
    "P-n55-k8.vrp": 592.169005606237,
    "P-n50-k8.vrp": 634.8499103018387,
    "P-n55-k7.vrp": 570.2697069066198,
    "P-n50-k10.vrp": 699.5615304783076,
    "P-n51-k10.vrp": 742.4815823234727,
    "P-n23-k8.vrp": 531.1738035458811,
    "P-n45-k5.vrp": 512.7913045095213,
    "P-n20-k2.vrp": 217.4155833461666,
    "P-n65-k10.vrp": 796.6684835175469,
    "P-n22-k2.vrp": 217.85215074022972
  },
  "CMT": {
    "CMT14.vrp": 866.3652093737874,
    "CMT11.vrp": 1042.11502743992,
    "CMT10.vrp": 1395.8534676562163,
    "CMT9.vrp": 1162.5470444474117,
    "CMT12.vrp": 819.5575441874691,
    "CMT13.vrp": 1541.1416027574182,
    "CMT8.vrp": 865.9445056375688,
    "CMT5.vrp": 1291.2891464211039,
    "CMT4.vrp": 1028.4242880993547,
    "CMT6.vrp": 555.4302364990574,
    "CMT7.vrp": 909.6750532832134,
    "CMT3.vrp": 826.1369729550212,
    "CMT2.vrp": 835.2621066076041,
    "CMT1.vrp": 524.6111466425073
  }
}